Entity,Abbreviation,Aliases,LLM Extraction,TP,FN,FP,TN,Confusion Matrix,,Actual,,,,Actual Labels,Predicted Labels,,,Accuracy,,Definition
Artificial intelligence ,AI,,Medical Generative Model for Medical Applications (brand name),0,1,1,0,,,Positive,Negative,,,Model/Architecture,Model/Architecture,Yes,140,0.7,,"Error: Exception: Request failed for https://en.wikipedia.org returned code 404. Truncated server response: {""status"":404,""type"":""Internal error""} (use muteHttpExceptions option to examine full response)"
Medgemma,,,Medical Signal Learning via Image Pretraining (MedSigLIP),0,1,1,0,Prediction,Positive,85,117,TP,FP,Model/Architecture,Model/Architecture,Yes,60,,,"Error: Exception: Request failed for https://en.wikipedia.org returned code 404. Truncated server response: {""status"":404,""type"":""Internal error""} (use muteHttpExceptions option to examine full response)"
Gemma 3 4B,,,gemma 3,1,0,0,1,,Negative,99,83,FN,TN,Model/Architecture,Model/Architecture,Yes,,,,"Gemma is a series of source-available large language models developed by Google DeepMind. It is based on similar technologies as Gemini. The first version was released in February 2024, followed by Gemma 2 in June 2024, Gemma 3 in March 2025, and the free and open-source Gemma 4 in April 2026. Variants of Gemma have also been developed, such as the vision-language model PaliGemma and the model MedGemma for medical consultation topics."
Gemma 3 27B,,,Medical Generative Model for Medical Applications (brand name) 27 Billion Parameters,0,1,1,0,,,,,,,Model/Architecture,Model/Architecture,Yes,,,,"Error: Exception: Request failed for https://en.wikipedia.org returned code 404. Truncated server response: {""status"":404,""type"":""Internal error""} (use muteHttpExceptions option to examine full response)"
Medical multimodal question answering,,,mimic Chest X‑Ray,0,1,1,0,,Recall,0.4619565217,,,,Model/Architecture,Dataset/Benchmark,No,,,,"Error: Exception: Request failed for https://en.wikipedia.org returned code 404. Truncated server response: {""status"":404,""type"":""Internal error""} (use muteHttpExceptions option to examine full response)"
Chest X-ray finding classification,,,Medical Question Answering,0,1,1,0,,Precision,0.4207920792,,,,Learning Paradigm/Task,Scientific Domain/Problem,No,,,,"Error: Exception: Request failed for https://en.wikipedia.org returned code 404. Truncated server response: {""status"":404,""type"":""Internal error""} (use muteHttpExceptions option to examine full response)"
Pneumothorax classification,,,dermatology,1,0,0,1,,Specificity,0.415,,,,Scientific Domain/Problem,Scientific Domain/Problem,Yes,,,,Dermatology is the branch of medicine dealing with the skin. It is a specialty with both medical and surgical aspects. A dermatologist is a specialist medical doctor who has undergone advanced training and manages diseases related to skin.
Histopathology patch type classification,,,histopathology,0,1,0,1,,F1 score,0.4404145078,,,,Scientific Domain/Problem,Scientific Domain/Problem,Yes,,,,"Histopathology is the microscopic examination of tissue in order to study the manifestations of disease. Specifically, in clinical medicine, histopathology refers to the examination of a biopsy or surgical specimen by a pathologist, after the specimen has been processed and histological sections have been placed onto glass slides. In contrast, cytopathology examines free cells or tissue micro-fragments."
SigLIP,,SigLIP encoder,visual question answering,1,0,1,0,,Accuracy,0.4375,,,,Learning Paradigm/Task,Learning Paradigm/Task,Yes,,,,Question answering (QA) is a computer science discipline within the fields of information retrieval and natural language processing (NLP) that is concerned with building systems that automatically answer questions that are posed by humans in a natural language.
MedSigLIP,,,med General‑purpose large language model (general model),0,1,1,0,,,,,,,Model/Architecture,Model/Architecture,Yes,,,,"Error: Exception: Request failed for https://en.wikipedia.org returned code 404. Truncated server response: {""status"":404,""type"":""Internal error""} (use muteHttpExceptions option to examine full response)"
Large multimodal model,LLM,,Medical Multiple‑Choice Question Answering,0,1,1,0,,,,,,,Model/Architecture,Learning Paradigm/Task,No,,,,"Error: Exception: Request failed for https://en.wikipedia.org returned code 429. Truncated server response: You are making too many requests to the API.
Please follow the best practices at <https://www.mediawiki.org/wiki/Wikimedia_APIs/Rate_limits>.
If yo... (use muteHttpExceptions option to examine full response)"
Gemma 3,,,Public Database of Medical Questions and Answers,1,0,1,0,,,,,,,Learning Paradigm/Task,Dataset/Benchmark,No,,,,"Error: Exception: Request failed for https://en.wikipedia.org returned code 404. Truncated server response: {""status"":404,""type"":""Internal error""} (use muteHttpExceptions option to examine full response)"
Vision Question Answering,VQA,,Massive Multitask Language Understanding med,1,0,1,0,,,,,,,Learning Paradigm/Task,Dataset/Benchmark,No,,,,"Error: Exception: Request failed for https://en.wikipedia.org returned code 429. Truncated server response: You are making too many requests to the API.
Please follow the best practices at <https://www.mediawiki.org/wiki/Wikimedia_APIs/Rate_limits>.
If yo... (use muteHttpExceptions option to examine full response)"
Med-Gemini,,,chest x ray,0,1,1,0,,,,,,,Dataset/Benchmark,Dataset/Benchmark,Yes,,,,"A chest radiograph, chest X-ray (CXR), or  chest film is a projection radiograph of the chest used to diagnose conditions affecting the chest, its contents, and nearby structures. Chest radiographs are the most common film taken in medicine."
MedQA,,,Chest X‑Ray 14 Dataset,0,1,1,0,,,,,,,Dataset/Benchmark,Dataset/Benchmark,Yes,,,,"Error: Exception: Request failed for https://en.wikipedia.org returned code 404. Truncated server response: {""status"":404,""type"":""Internal error""} (use muteHttpExceptions option to examine full response)"
MedMCQA,,,ophthalmology,0,1,0,1,,,,,,,Dataset/Benchmark,Scientific Domain/Problem,No,,,,"Ophthalmology is the branch of medicine that deals with the diagnosis, treatment, and surgery of eye diseases and disorders."
PubMedQA,,,afrimed qa,0,1,0,1,,,,,,,Dataset/Benchmark,Dataset/Benchmark,Yes,,,,"Error: Exception: Request failed for https://en.wikipedia.org returned code 404. Truncated server response: {""status"":404,""type"":""Internal error""} (use muteHttpExceptions option to examine full response)"
MMLU Med,,,AgentClinic,0,1,0,1,,,,,,,Dataset/Benchmark,Dataset/Benchmark,Yes,,,,"Error: Exception: Request failed for https://en.wikipedia.org returned code 404. Truncated server response: {""status"":404,""type"":""Internal error""} (use muteHttpExceptions option to examine full response)"
AfriMed-QA,,,Visual Question Answering rad,1,0,1,0,,,,,,,Dataset/Benchmark,Dataset/Benchmark,Yes,,,,"Error: Exception: Request failed for https://en.wikipedia.org returned code 404. Truncated server response: {""status"":404,""type"":""Internal error""} (use muteHttpExceptions option to examine full response)"
AgentClinic,,,EyePACS Dataset,1,0,1,0,,,,,,,Dataset/Benchmark,Dataset/Benchmark,Yes,,,,#ERROR!
Chest X-ray report generation,CXR  report generation,Chest X-ray reporting,CheXpert dataset,1,0,1,0,,,,,,,Dataset/Benchmark,Dataset/Benchmark,Yes,,,,"Error: Exception: Request failed for https://en.wikipedia.org returned code 404. Truncated server response: {""status"":404,""type"":""Internal error""} (use muteHttpExceptions option to examine full response)"
Histopathology classification,,,Radiology Graph Metric,1,0,1,0,,,,,,,Metric/Evaluation,Metric/Evaluation,Yes,,,,"Error: Exception: Request failed for https://en.wikipedia.org returned code 404. Truncated server response: {""status"":404,""type"":""Internal error""} (use muteHttpExceptions option to examine full response)"
Electronic health record information retrieval,,,ehrqa,1,0,0,1,,,,,,,Dataset/Benchmark,Dataset/Benchmark,Yes,,,,"Error: Exception: Request failed for https://en.wikipedia.org returned code 404. Truncated server response: {""status"":404,""type"":""Internal error""} (use muteHttpExceptions option to examine full response)"
MedGemma 27B,,,Large Language Model,0,1,1,0,,,,,,,Model/Architecture,Model/Architecture,Yes,,,,"
A large language model (LLM) is a neural network trained on a vast amount of text for natural language processing tasks, especially language generation. LLMs can generate, summarize, translate and parse text in many contexts, and are a foundational technology behind modern chatbots. Biased or inaccurate training data can make an LLM's output less reliable."
SigLIP-400M,,,health ai developer foundations,1,0,1,0,,,,,,,Dataset/Benchmark,Dataset/Benchmark,Yes,,,,"Error: Exception: Request failed for https://en.wikipedia.org returned code 404. Truncated server response: {""status"":404,""type"":""Internal error""} (use muteHttpExceptions option to examine full response)"
MedExpQA,,,multimodal Medical Generative Model for Medical Applications (brand name) 27 Billion Parameters,1,0,1,0,,,,,,,Model/Architecture,Model/Architecture,Yes,,,,"Error: Exception: Request failed for https://en.wikipedia.org returned code 404. Truncated server response: {""status"":404,""type"":""Internal error""} (use muteHttpExceptions option to examine full response)"
HealthSearchQA,,,siglip 400m,1,0,0,1,,,,,,,Model/Architecture,Model/Architecture,Yes,,,,"Error: Exception: Request failed for https://en.wikipedia.org returned code 404. Truncated server response: {""status"":404,""type"":""Internal error""} (use muteHttpExceptions option to examine full response)"
LiveQA,,,image classification,1,0,0,1,,,,,,,Learning Paradigm/Task,Learning Paradigm/Task,Yes,,,,"Computer vision tasks include methods for acquiring, processing, analyzing, and understanding digital images, and extraction of high-dimensional data from the real world in order to produce numerical or symbolic information, e.g. in the form of decisions. ""Understanding"" in this context signifies the transformation of visual images into descriptions of the world that make sense to thought processes and can elicit appropriate action. This image understanding can be seen as the disentangling of symbolic information from image data using models constructed with the aid of geometry, physics, statistics, and learning theory."
Pretraing,PT,,siglip,0,1,0,1,,,,,,,Learning Paradigm/Task,Software/Library/Tool,No,,,,"Error: Exception: Request failed for https://en.wikipedia.org returned code 404. Truncated server response: {""status"":404,""type"":""Internal error""} (use muteHttpExceptions option to examine full response)"
Vision encoder enhancement,Vision,,"Dataset name ""SLAKE"" (specific expansion not provided in the text)",1,0,1,0,,,,,,,Dataset/Benchmark,Dataset/Benchmark,Yes,,,,"Error: Exception: Request failed for https://en.wikipedia.org returned code 404. Truncated server response: {""status"":404,""type"":""Internal error""} (use muteHttpExceptions option to examine full response)"
National Library of Medicine,NLM,,post training,0,1,1,0,,,,,,,Algorithm/Technique,Learning Paradigm/Task,No,,,,"Error: Exception: Request failed for https://en.wikipedia.org returned code 404. Truncated server response: {""status"":404,""type"":""Internal error""} (use muteHttpExceptions option to examine full response)"
PathVQA,,,supervised fine tuning,1,0,0,1,,,,,,,Optimization/Training Method,Learning Paradigm/Task,No,,,,"Error: Exception: Request failed for https://en.wikipedia.org returned code 404. Truncated server response: {""status"":404,""type"":""Internal error""} (use muteHttpExceptions option to examine full response)"
MedVQA,,,medical image classification,1,0,0,1,,,,,,,Learning Paradigm/Task,Learning Paradigm/Task,Yes,,,,"Error: Exception: Request failed for https://en.wikipedia.org returned code 404. Truncated server response: {""status"":404,""type"":""Internal error""} (use muteHttpExceptions option to examine full response)"
PAD-UFES-20,,,accuracy,1,0,0,1,,,,,,,Metric/Evaluation,Metric/Evaluation,Yes,,,,Accuracy and precision are measures of observational error; accuracy is how close a given set of measurements is to the true value and precision is how close the measurements are to each other.
PMC-OA,,,cardiomegaly,1,0,0,1,,,,,,,Scientific Domain/Problem,Scientific Domain/Problem,Yes,,,,"Cardiomegaly is a medical condition in which the heart becomes enlarged. It is more commonly referred to simply as ""having an enlarged heart"". It is usually the result of underlying conditions that make the heart work harder, such as obesity, heart valve disease, high blood pressure (hypertension), and coronary artery disease. Cardiomyopathy is also associated with cardiomegaly."
Ophthalmology,,,lung opacity,1,0,0,1,,,,,,,Scientific Domain/Problem,Scientific Domain/Problem,Yes,,,,"Error: Exception: Request failed for https://en.wikipedia.org returned code 404. Truncated server response: {""status"":404,""type"":""Internal error""} (use muteHttpExceptions option to examine full response)"
Dermatology,,,Radiology Graph Metric F1 Score,1,0,1,0,,,,,,,Metric/Evaluation,Metric/Evaluation,Yes,,,,"Error: Exception: Request failed for https://en.wikipedia.org returned code 404. Truncated server response: {""status"":404,""type"":""Internal error""} (use muteHttpExceptions option to examine full response)"
Histopathology ,,,AgentClinic Medical Question Answering,1,0,1,0,,,,,,,Learning Paradigm/Task,Dataset/Benchmark,No,,,,"Error: Exception: Request failed for https://en.wikipedia.org returned code 404. Truncated server response: {""status"":404,""type"":""Internal error""} (use muteHttpExceptions option to examine full response)"
Radiology,,,AgentClinic mimic iv,1,0,0,1,,,,,,,Dataset/Benchmark,Dataset/Benchmark,Yes,,,,"Error: Exception: Request failed for https://en.wikipedia.org returned code 404. Truncated server response: {""status"":404,""type"":""Internal error""} (use muteHttpExceptions option to examine full response)"
SLAKE,,,Medical Xpert Question Answering,0,1,1,0,,,,,,,Learning Paradigm/Task,Dataset/Benchmark,No,,,,"Error: Exception: Request failed for https://en.wikipedia.org returned code 404. Truncated server response: {""status"":404,""type"":""Internal error""} (use muteHttpExceptions option to examine full response)"
VQA-Rad,,,radiology,0,1,0,1,,,,,,,Scientific Domain/Problem,Scientific Domain/Problem,Yes,,,,"Radiology is the medical specialty that uses medical imaging to diagnose diseases and guide treatment within the bodies of humans and other animals. It began with radiography, but today it includes all imaging modalities. This includes technologies that use no ionizing electromagnetic radiation, such as ultrasonography and magnetic resonance imaging (MRI), as well as others that do use radiation, such as computed tomography (CT), fluoroscopy, and nuclear medicine including positron emission tomography (PET). Interventional radiology is the performance of usually minimally invasive medical procedures with the guidance of imaging technologies such as those mentioned above."
MIMIC-CXR,,,gemma 3 27 Billion Parameters,0,1,1,0,,,,,,,Model/Architecture,Model/Architecture,Yes,,,,"Error: Exception: Request failed for https://en.wikipedia.org returned code 404. Truncated server response: {""status"":404,""type"":""Internal error""} (use muteHttpExceptions option to examine full response)"
Digital Knee X-ray,,,zero shot classification,1,0,0,1,,,,,,,Model/Architecture,Learning Paradigm/Task,No,,,,"Error: Exception: Request failed for https://en.wikipedia.org returned code 404. Truncated server response: {""status"":404,""type"":""Internal error""} (use muteHttpExceptions option to examine full response)"
CT-US1,,,linear probe classification,1,0,0,1,,,,,,,Model/Architecture,Learning Paradigm/Task,No,,,,"Error: Exception: Request failed for https://en.wikipedia.org returned code 404. Truncated server response: {""status"":404,""type"":""Internal error""} (use muteHttpExceptions option to examine full response)"
MRI-US1,,,ELIXR (a previously published data‑efficient learning framework),1,0,1,0,,,,,,,Model/Architecture,Software/Library/Tool,No,,,,"Error: Exception: Request failed for https://en.wikipedia.org returned code 404. Truncated server response: {""status"":404,""type"":""Internal error""} (use muteHttpExceptions option to examine full response)"
Internal histopathology,,,text embeddings,1,0,1,0,,,,,,,Physics/Math Object,Physics/Math Object,Yes,,,,"In natural language processing, a word embedding is a representation of a word. The embedding is used in text analysis. Typically, the representation is a real-valued vector that encodes the meaning of the word in such a way that the words that are closer in the vector space are expected to be similar in meaning. Word embeddings can be obtained using language modeling and feature learning techniques, where words or phrases from the vocabulary are mapped to vectors of real numbers."
Internal dermatology,,,image embeddings,1,0,1,0,,,,,,,Physics/Math Object,Physics/Math Object,Yes,,,,"Error: Exception: Request failed for https://en.wikipedia.org returned code 404. Truncated server response: {""status"":404,""type"":""Internal error""} (use muteHttpExceptions option to examine full response)"
EyePACS,,,General‑purpose large language model (general model) 2 5 pro,0,1,1,0,,,,,,,Dataset/Benchmark,Model/Architecture,No,,,,"Error: Exception: Request failed for https://en.wikipedia.org returned code 429. Truncated server response: You are making too many requests to the API.
Please follow the best practices at <https://www.mediawiki.org/wiki/Wikimedia_APIs/Rate_limits>.
If yo... (use muteHttpExceptions option to examine full response)"
PMC,,,electronic health records,1,0,1,0,,,,,,,Dataset/Benchmark,Dataset/Benchmark,Yes,,,,"An  electronic health record (EHR) is the systematized collection of electronically stored patient and population health information in a digital format. These records can be shared across different health care settings. Records are shared through network-connected, enterprise-wide information systems or other information networks and exchanges. EHRs may include a range of data, including demographics, medical history, medication and allergies, immunization status, laboratory test results, radiology images, vital signs, personal statistics like age and weight, and billing information."
USMLE,,,gemma 3 4b,0,1,0,1,,,,,,,Model/Architecture,Model/Architecture,Yes,,,,"Error: Exception: Request failed for https://en.wikipedia.org returned code 404. Truncated server response: {""status"":404,""type"":""Internal error""} (use muteHttpExceptions option to examine full response)"
SentencePiece,,,large multimodal models,1,0,1,0,,,,,,,Model/Architecture,Model/Architecture,Yes,,,,"Error: Exception: Request failed for https://en.wikipedia.org returned code 429. Truncated server response: You are making too many requests to the API.
Please follow the best practices at <https://www.mediawiki.org/wiki/Wikimedia_APIs/Rate_limits>.
If yo... (use muteHttpExceptions option to examine full response)"
TPUv4,,,lmms,1,0,1,0,,,,,,,Model/Architecture,Software/Library/Tool,No,,,,"LMMS is a digital audio workstation application program. It allows music to be produced by arranging samples, synthesizing sounds, entering notes via computer keyboard or mouse or by playing on a MIDI keyboard, and combining the features of trackers and sequencers. It is free and open source software, written in Qt and released under GPL-2.0-or-later."
TPUv5e,,,general purpose lmms,1,0,1,0,,,,,,,Model/Architecture,Software/Library/Tool,No,,,,"Error: Exception: Request failed for https://en.wikipedia.org returned code 404. Truncated server response: {""status"":404,""type"":""Internal error""} (use muteHttpExceptions option to examine full response)"
TPUv5p,,,generic models,1,0,1,0,,,,,,,Model/Architecture,Model/Architecture,Yes,,,,"Error: Exception: Request failed for https://en.wikipedia.org returned code 404. Truncated server response: {""status"":404,""type"":""Internal error""} (use muteHttpExceptions option to examine full response)"
WebLI,,,vision language foundation models,1,0,1,0,,,,,,,Model/Architecture,Model/Architecture,Yes,,,,"Error: Exception: Request failed for https://en.wikipedia.org returned code 404. Truncated server response: {""status"":404,""type"":""Internal error""} (use muteHttpExceptions option to examine full response)"
Distillation,Distill,,vision question answering,1,0,0,1,,,,,,,Learning Paradigm/Task,Learning Paradigm/Task,Yes,,,,"Error: Exception: Request failed for https://en.wikipedia.org returned code 404. Truncated server response: {""status"":404,""type"":""Internal error""} (use muteHttpExceptions option to examine full response)"
Reinforcement learning,RL,,chest x ray reporting,1,0,0,1,,,,,,,Learning Paradigm/Task,Scientific Domain/Problem,No,,,,"Error: Exception: Request failed for https://en.wikipedia.org returned code 404. Truncated server response: {""status"":404,""type"":""Internal error""} (use muteHttpExceptions option to examine full response)"
Large Instruction-tuned,IT,,histopathology classification,0,1,0,1,,,,,,,Learning Paradigm/Task,Scientific Domain/Problem,No,,,,"Error: Exception: Request failed for https://en.wikipedia.org returned code 404. Truncated server response: {""status"":404,""type"":""Internal error""} (use muteHttpExceptions option to examine full response)"
MedXpertQA,,,electronic health record information retrieval,0,1,0,1,,,,,,,Learning Paradigm/Task,Scientific Domain/Problem,No,,,,"Error: Exception: Request failed for https://en.wikipedia.org returned code 404. Truncated server response: {""status"":404,""type"":""Internal error""} (use muteHttpExceptions option to examine full response)"
MIMIC-CXR,,,text only Medical Generative Model for Medical Applications (brand name) 27 Billion Parameters,0,1,1,0,,,,,,,Learning Paradigm/Task,Model/Architecture,No,,,,"Error: Exception: Request failed for https://en.wikipedia.org returned code 404. Truncated server response: {""status"":404,""type"":""Internal error""} (use muteHttpExceptions option to examine full response)"
,,,medical image encoder,0,1,1,0,,,,,,,Model/Architecture,Model/Architecture,Yes,,,,"Error: Exception: Request failed for https://en.wikipedia.org returned code 404. Truncated server response: {""status"":404,""type"":""Internal error""} (use muteHttpExceptions option to examine full response)"
ChestX-ray14,CXR14,,retrieval,1,0,1,0,,,,,,,Learning Paradigm/Task,Learning Paradigm/Task,Yes,,,,"Error: Exception: Request failed for https://en.wikipedia.org returned code 429. Truncated server response: You are making too many requests to the API.
Please follow the best practices at <https://www.mediawiki.org/wiki/Wikimedia_APIs/Rate_limits>.
If yo... (use muteHttpExceptions option to examine full response)"
CheXpert,,,medexpqa,0,1,0,1,,,,,,,Model/Architecture,Dataset/Benchmark,No,,,,"Error: Exception: Request failed for https://en.wikipedia.org returned code 404. Truncated server response: {""status"":404,""type"":""Internal error""} (use muteHttpExceptions option to examine full response)"
US-Derm MCQA ,,,liveqa,0,1,0,1,,,,,,,Dataset/Benchmark,Dataset/Benchmark,Yes,,,,"Error: Exception: Request failed for https://en.wikipedia.org returned code 429. Truncated server response: You are making too many requests to the API.
Please follow the best practices at <https://www.mediawiki.org/wiki/Wikimedia_APIs/Rate_limits>.
If yo... (use muteHttpExceptions option to examine full response)"
Path MCQA,,,healthsearchqa,1,0,0,1,,,,,,,Dataset/Benchmark,Dataset/Benchmark,Yes,,,,"Error: Exception: Request failed for https://en.wikipedia.org returned code 404. Truncated server response: {""status"":404,""type"":""Internal error""} (use muteHttpExceptions option to examine full response)"
SLAKE (English-only),,,synthetic,0,1,1,0,,,,,,,Learning Paradigm/Task,Dataset/Benchmark,No,,,,Synthetic may refer to:
VQA-RAD,,,digital knee x ray,0,1,0,1,,,,,,,Scientific Domain/Problem,Dataset/Benchmark,No,,,,"Error: Exception: Request failed for https://en.wikipedia.org returned code 404. Truncated server response: {""status"":404,""type"":""Internal error""} (use muteHttpExceptions option to examine full response)"
AgentClinic-MedQA,,,ct us1,0,1,0,1,,,,,,,Dataset/Benchmark,Dataset/Benchmark,Yes,,,,"Error: Exception: Request failed for https://en.wikipedia.org returned code 404. Truncated server response: {""status"":404,""type"":""Internal error""} (use muteHttpExceptions option to examine full response)"
AgentClinic-MIMIC-IV,,,mri us1,1,0,0,1,,,,,,,Dataset/Benchmark,Dataset/Benchmark,Yes,,,,"Error: Exception: Request failed for https://en.wikipedia.org returned code 429. Truncated server response: You are making too many requests to the API.
Please follow the best practices at <https://www.mediawiki.org/wiki/Wikimedia_APIs/Rate_limits>.
If yo... (use muteHttpExceptions option to examine full response)"
MMLU Pro,,,internal histopathology,0,1,0,1,,,,,,,Dataset/Benchmark,Scientific Domain/Problem,No,,,,"Error: Exception: Request failed for https://en.wikipedia.org returned code 404. Truncated server response: {""status"":404,""type"":""Internal error""} (use muteHttpExceptions option to examine full response)"
Global MMLU Lite,,,pad ufes 20,0,1,0,1,,,,,,,Scientific Domain/Problem,Dataset/Benchmark,No,,,,"Error: Exception: Request failed for https://en.wikipedia.org returned code 429. Truncated server response: You are making too many requests to the API.
Please follow the best practices at <https://www.mediawiki.org/wiki/Wikimedia_APIs/Rate_limits>.
If yo... (use muteHttpExceptions option to examine full response)"
MMMU,,,internal dermatology,0,1,0,1,,,,,,,Dataset/Benchmark,Scientific Domain/Problem,No,,,,"Error: Exception: Request failed for https://en.wikipedia.org returned code 404. Truncated server response: {""status"":404,""type"":""Internal error""} (use muteHttpExceptions option to examine full response)"
OpenAI model,,,pmc,0,1,0,1,,,,,,,Dataset/Benchmark,Dataset/Benchmark,Yes,,,,PMC may refer to:
DeepSeek R1 model,,,pathvqa,0,1,0,1,,,,,,,Dataset/Benchmark,Dataset/Benchmark,Yes,,,,"Error: Exception: Request failed for https://en.wikipedia.org returned code 404. Truncated server response: {""status"":404,""type"":""Internal error""} (use muteHttpExceptions option to examine full response)"
Hugging Face,,,medvqa,1,0,0,1,,,,,,,Dataset/Benchmark,Dataset/Benchmark,Yes,,,,"Error: Exception: Request failed for https://en.wikipedia.org returned code 404. Truncated server response: {""status"":404,""type"":""Internal error""} (use muteHttpExceptions option to examine full response)"
Out of distribution,OOD,,pmc oa,0,1,0,1,,,,,,,Dataset/Benchmark,Dataset/Benchmark,Yes,,,,"Error: Exception: Request failed for https://en.wikipedia.org returned code 404. Truncated server response: {""status"":404,""type"":""Internal error""} (use muteHttpExceptions option to examine full response)"
Multiple choice question,MCQ,,sentencepiece,1,0,0,1,,,,,,,Software/Library/Tool,Software/Library/Tool,Yes,,,,"Error: Exception: Request failed for https://en.wikipedia.org returned code 429. Truncated server response: You are making too many requests to the API.
Please follow the best practices at <https://www.mediawiki.org/wiki/Wikimedia_APIs/Rate_limits>.
If yo... (use muteHttpExceptions option to examine full response)"
Macro F1,,,tpuv4,0,1,0,1,,,,,,,Software/Library/Tool,Software/Library/Tool,Yes,,,,"Error: Exception: Request failed for https://en.wikipedia.org returned code 404. Truncated server response: {""status"":404,""type"":""Internal error""} (use muteHttpExceptions option to examine full response)"
Atelectasis,,,tpuv5e,1,0,0,1,,,,,,,Software/Library/Tool,Software/Library/Tool,Yes,,,,"Error: Exception: Request failed for https://en.wikipedia.org returned code 404. Truncated server response: {""status"":404,""type"":""Internal error""} (use muteHttpExceptions option to examine full response)"
Cardiomegaly,,,tpuv5p,1,0,0,1,,,,,,,Software/Library/Tool,Software/Library/Tool,Yes,,,,"Error: Exception: Request failed for https://en.wikipedia.org returned code 429. Truncated server response: You are making too many requests to the API.
Please follow the best practices at <https://www.mediawiki.org/wiki/Wikimedia_APIs/Rate_limits>.
If yo... (use muteHttpExceptions option to examine full response)"
Consolidation,,,vision encoder enhancement,1,0,0,1,,,,,,,Algorithm/Technique,Algorithm/Technique,Yes,,,,"Error: Exception: Request failed for https://en.wikipedia.org returned code 429. Truncated server response: You are making too many requests to the API.
Please follow the best practices at <https://www.mediawiki.org/wiki/Wikimedia_APIs/Rate_limits>.
If yo... (use muteHttpExceptions option to examine full response)"
Edema,,,webli,1,0,0,1,,,,,,,Software/Library/Tool,Dataset/Benchmark,No,,,,"Error: Exception: Request failed for https://en.wikipedia.org returned code 404. Truncated server response: {""status"":404,""type"":""Internal error""} (use muteHttpExceptions option to examine full response)"
Pleura effusion,,,multimodal decoder pretraining,0,1,1,0,,,,,,,Optimization/Training Method,Learning Paradigm/Task,No,,,,"Error: Exception: Request failed for https://en.wikipedia.org returned code 404. Truncated server response: {""status"":404,""type"":""Internal error""} (use muteHttpExceptions option to examine full response)"
Accuracy,,,distillation,1,0,0,1,,,,,,,Optimization/Training Method,Optimization/Training Method,Yes,,,,"Distillation, also classical distillation, is the process of separating the component substances of a liquid mixture of two or more chemically discrete substances by selective boiling of the mixture and the condensation of the vapors in a still."
Lung opacity,,,reinforcement learning,1,0,0,1,,,,,,,Optimization/Training Method,Learning Paradigm/Task,No,,,,"In machine learning and optimal control, reinforcement learning (RL) is concerned with how an intelligent agent should take actions in a dynamic environment in order to maximize a reward signal. Reinforcement learning is one of the three basic machine learning paradigms, alongside supervised learning and unsupervised learning."
Pneumothorax,,,text question answering,1,0,0,1,,,,,,,Learning Paradigm/Task,Learning Paradigm/Task,Yes,,,,"Error: Exception: Request failed for https://en.wikipedia.org returned code 404. Truncated server response: {""status"":404,""type"":""Internal error""} (use muteHttpExceptions option to examine full response)"
Lung cancer histologic classification,,,openai models,0,1,1,0,,,,,,,Model/Architecture,Model/Architecture,Yes,,,,"Error: Exception: Request failed for https://en.wikipedia.org returned code 404. Truncated server response: {""status"":404,""type"":""Internal error""} (use muteHttpExceptions option to examine full response)"
US board-certified pathologists,,,generalist models,0,1,1,0,,,,,,,Model/Architecture,Model/Architecture,Yes,,,,"Error: Exception: Request failed for https://en.wikipedia.org returned code 404. Truncated server response: {""status"":404,""type"":""Internal error""} (use muteHttpExceptions option to examine full response)"
Diabetic retinopathy,DR,,deepseek r1,1,0,1,0,,,,,,,Model/Architecture,Model/Architecture,Yes,,,,"Error: Exception: Request failed for https://en.wikipedia.org returned code 404. Truncated server response: {""status"":404,""type"":""Internal error""} (use muteHttpExceptions option to examine full response)"
RadGraph F1,,,hugging face,0,1,0,1,,,,,,,Optimization/Training Method,Software/Library/Tool,No,,,,"Hugging Face, Inc., is an American company based in New York City that develops computation tools for building applications using machine learning. Its transformers library built for natural language processing applications and its platform allow users to share machine learning models and datasets and showcase their work."
US board-certified cardiothoracic radiologist ,,,retinal fundus,0,1,1,0,,,,,,,Dataset/Benchmark,Dataset/Benchmark,Yes,,,,"Error: Exception: Request failed for https://en.wikipedia.org returned code 404. Truncated server response: {""status"":404,""type"":""Internal error""} (use muteHttpExceptions option to examine full response)"
MedGemma 4B,,,macro F1 Score,0,1,1,0,,,,,,,Metric/Evaluation,Metric/Evaluation,Yes,,,,"Error: Exception: Request failed for https://en.wikipedia.org returned code 404. Truncated server response: {""status"":404,""type"":""Internal error""} (use muteHttpExceptions option to examine full response)"
BioMistral DARE 7B,,,atelectasis,0,1,0,1,,,,,,,Scientific Domain/Problem,Scientific Domain/Problem,Yes,,,,"Atelectasis is the partial collapse or closure of a lung resulting in reduced or absent gas exchange, more specifically the collapse of alveoli. It is usually unilateral, affecting part or all of one lung. It is a condition where the alveoli are deflated down to little or no volume, as distinct from pulmonary consolidation, in which they are filled with liquid. It is often referred to informally as a collapsed lung, although more accurately it usually involves only a partial collapse, and that ambiguous term is also informally used for a fully collapsed lung caused by a pneumothorax."
JSL-MedLlama 3 8B v2.0,,,consolidation,0,1,0,1,,,,,,,Scientific Domain/Problem,Scientific Domain/Problem,Yes,,,,Consolidation may refer to:
OpenBioLLM 8B,,,edema,0,1,0,1,,,,,,,Scientific Domain/Problem,Scientific Domain/Problem,Yes,,,,"Edema, also spelled oedema, and also known as fluid retention, swelling, dropsy and hydropsy, is the build-up of fluid in the body's tissue. Most commonly, the legs or arms are affected. Symptoms may include skin that feels tight, the area feeling heavy, and joint stiffness. Other symptoms depend on the underlying cause."
IQVIA Med-R1 8B,,,pleural effusion,0,1,0,1,,,,,,,Scientific Domain/Problem,Scientific Domain/Problem,Yes,,,,"A pleural effusion is accumulation of excessive fluid in the pleural space, the potential space that surrounds each lung.
Under normal conditions, pleural fluid is secreted by the parietal pleural capillaries at a rate of 0.6 millilitre per kilogram weight per hour, and is cleared by lymphatic absorption leaving behind only 5–15 millilitres of fluid, which helps to maintain a functional vacuum between the parietal and visceral pleurae. Excess fluid within the pleural space can impair inspiration by upsetting the functional vacuum and hydrostatically increasing the resistance against lung expansion, resulting in a fully or partially collapsed lung."
OpenBioLLM 70B,,,chestx ray14,1,0,0,1,,,,,,,Dataset/Benchmark,Dataset/Benchmark,Yes,,,,"Error: Exception: Request failed for https://en.wikipedia.org returned code 429. Truncated server response: You are making too many requests to the API.
Please follow the best practices at <https://www.mediawiki.org/wiki/Wikimedia_APIs/Rate_limits>.
If yo... (use muteHttpExceptions option to examine full response)"
Gemini 2.5 Flash,,,pneumothorax,0,1,0,1,,,,,,,Scientific Domain/Problem,Scientific Domain/Problem,Yes,,,,"A pneumothorax is collection of air in the pleural space between the lung and the chest wall. Symptoms typically include sudden onset of sharp, one-sided chest pain and shortness of breath. In a minority of cases, a one-way valve is formed by an area of damaged tissue, in which case the air pressure in the space between chest wall and lungs can be higher; this has been historically referred to as a tension pneumothorax, although its existence among spontaneous episodes is a matter of debate. This can cause a steadily worsening oxygen shortage and low blood pressure, leading to a potentially-fatal obstructive shock unless reversed. Very rarely, both lungs may be affected by a pneumothorax. It is often called a ""collapsed lung"", although that term may also refer to atelectasis."
Gemini 2.5 Pro,,,fracture,0,1,1,0,,,,,,,Scientific Domain/Problem,Scientific Domain/Problem,Yes,,,,Fracture is the cracking or breaking into pieces of an object or material under the action of stress. The science of fracture is a field of study in physics and engineering.
GPT-4o,,,radiologist adjudicated labels,1,0,1,0,,,,,,,Dataset/Benchmark,Dataset/Benchmark,Yes,,,,"Error: Exception: Request failed for https://en.wikipedia.org returned code 429. Truncated server response: You are making too many requests to the API.
Please follow the best practices at <https://www.mediawiki.org/wiki/Wikimedia_APIs/Rate_limits>.
If yo... (use muteHttpExceptions option to examine full response)"
openai o3,,,original labels,0,1,1,0,,,,,,,Dataset/Benchmark,Dataset/Benchmark,Yes,,,,"Error: Exception: Request failed for https://en.wikipedia.org returned code 404. Truncated server response: {""status"":404,""type"":""Internal error""} (use muteHttpExceptions option to examine full response)"
Medical image classification,,,mimic Chest X‑Ray jpg2019,1,0,1,0,,,,,,,Dataset/Benchmark,Dataset/Benchmark,Yes,,,,"Error: Exception: Request failed for https://en.wikipedia.org returned code 404. Truncated server response: {""status"":404,""type"":""Internal error""} (use muteHttpExceptions option to examine full response)"
Medical visual question answering,,,openai OpenAI O3 model,0,1,1,0,,,,,,,Model/Architecture,Model/Architecture,Yes,,,,"Error: Exception: Request failed for https://en.wikipedia.org returned code 429. Truncated server response: You are making too many requests to the API.
Please follow the best practices at <https://www.mediawiki.org/wiki/Wikimedia_APIs/Rate_limits>.
If yo... (use muteHttpExceptions option to examine full response)"
LLaVA-Med ,,,mimic iv,1,0,1,0,,,,,,,Dataset/Benchmark,Dataset/Benchmark,Yes,,,,"Error: Exception: Request failed for https://en.wikipedia.org returned code 404. Truncated server response: {""status"":404,""type"":""Internal error""} (use muteHttpExceptions option to examine full response)"
BiomedGPT-B,,,afrimed,1,0,1,0,,,,,,,Dataset/Benchmark,Dataset/Benchmark,Yes,,,,"Error: Exception: Request failed for https://en.wikipedia.org returned code 404. Truncated server response: {""status"":404,""type"":""Internal error""} (use muteHttpExceptions option to examine full response)"
LLaVA-Tri,,,image encoder,1,0,1,0,,,,,,,Model/Architecture,Model/Architecture,Yes,,,,"Error: Exception: Request failed for https://en.wikipedia.org returned code 404. Truncated server response: {""status"":404,""type"":""Internal error""} (use muteHttpExceptions option to examine full response)"
Medical image classification with zero-shot generative output,,,llava med,0,1,0,1,,,,,,,Model/Architecture,Dataset/Benchmark,No,,,,"Error: Exception: Request failed for https://en.wikipedia.org returned code 404. Truncated server response: {""status"":404,""type"":""Internal error""} (use muteHttpExceptions option to examine full response)"
Automated report generation,,,biomedgpt b,0,1,0,1,,,,,,,Model/Architecture,Software/Library/Tool,No,,,,"Error: Exception: Request failed for https://en.wikipedia.org returned code 404. Truncated server response: {""status"":404,""type"":""Internal error""} (use muteHttpExceptions option to examine full response)"
finding,F,,llava tri,0,1,0,1,,,,,,,Model/Architecture,Model/Architecture,Yes,,,,"Error: Exception: Request failed for https://en.wikipedia.org returned code 429. Truncated server response: You are making too many requests to the API.
Please follow the best practices at <https://www.mediawiki.org/wiki/Wikimedia_APIs/Rate_limits>.
If yo... (use muteHttpExceptions option to examine full response)"
impression,I,,gemma,0,1,1,0,,,,,,,Model/Architecture,Model/Architecture,Yes,,,,"Error: Exception: Request failed for https://en.wikipedia.org returned code 429. Truncated server response: You are making too many requests to the API.
Please follow the best practices at <https://www.mediawiki.org/wiki/Wikimedia_APIs/Rate_limits>.
If yo... (use muteHttpExceptions option to examine full response)"
Anterior-posterior,,,gpt 4o,0,1,0,1,,,,,,,Model/Architecture,Model/Architecture,Yes,,,,"Error: Exception: Request failed for https://en.wikipedia.org returned code 404. Truncated server response: {""status"":404,""type"":""Internal error""} (use muteHttpExceptions option to examine full response)"
Posterior-anterior,,,global Massive Multitask Language Understanding lite,0,1,1,0,,,,,,,Learning Paradigm/Task,Model/Architecture,No,,,,"Error: Exception: Request failed for https://en.wikipedia.org returned code 404. Truncated server response: {""status"":404,""type"":""Internal error""} (use muteHttpExceptions option to examine full response)"
CXR-RePaiR,,,Medical Multimodal Understanding,0,1,1,0,,,,,,,Learning Paradigm/Task,Scientific Domain/Problem,No,,,,"Error: Exception: Request failed for https://en.wikipedia.org returned code 404. Truncated server response: {""status"":404,""type"":""Internal error""} (use muteHttpExceptions option to examine full response)"
M2 Transformer,,,openbiollm 70b,0,1,0,1,,,,,,,Model/Architecture,Model/Architecture,Yes,,,,"Error: Exception: Request failed for https://en.wikipedia.org returned code 404. Truncated server response: {""status"":404,""type"":""Internal error""} (use muteHttpExceptions option to examine full response)"
"Med-PaLM M, 12B",,,chex,0,1,1,0,,,,,,,Dataset/Benchmark,Dataset/Benchmark,Yes,,,,"Chex is an American brand of breakfast cereal currently manufactured by General Mills. It was originally known as Shredded Ralston, first produced in 1936 and owned by Ralston Purina of St. Louis, Missouri, then later renamed Chex in 1950. The Chex brand went with corporate spinoff Ralcorp in 1994 and was then sold to General Mills in 1997. Rival cereal company Kellogg's has the rights to the Chex brand in South Korea and Singapore."
"Med-PaLM M, 84B",,,pneumothorax classification,0,1,0,1,,,,,,,Learning Paradigm/Task,Learning Paradigm/Task,Yes,,,,"Error: Exception: Request failed for https://en.wikipedia.org returned code 404. Truncated server response: {""status"":404,""type"":""Internal error""} (use muteHttpExceptions option to examine full response)"
MAIRA-1,,,histopathology patch classification,0,1,1,0,,,,,,,Learning Paradigm/Task,Learning Paradigm/Task,Yes,,,,"Error: Exception: Request failed for https://en.wikipedia.org returned code 404. Truncated server response: {""status"":404,""type"":""Internal error""} (use muteHttpExceptions option to examine full response)"
MAIRA-2,,,multiple choice question,0,1,0,1,,,,,,,Learning Paradigm/Task,Learning Paradigm/Task,Yes,,,,"Multiple choice, multiple choice question, or objective response is a form of an objective assessment in which respondents are asked to select only the correct answer from the choices offered as a list. The multiple choice format is most frequently used in educational testing, in market research, and in elections, when a person chooses between multiple candidates, parties, or policies."
R2Gen,,,cross entropy loss,0,1,1,0,,,,,,,Algorithm/Technique,Optimization/Training Method,No,,,,"In information theory, the cross-entropy between two probability distributions  and , over the same underlying set of events, measures the average number of bits needed to identify an event drawn from the set when the coding scheme used for the set is optimized for an estimated probability distribution , rather than the true distribution ."
WCT,,,next token prediction,0,1,1,0,,,,,,,Learning Paradigm/Task,Learning Paradigm/Task,Yes,,,,"Error: Exception: Request failed for https://en.wikipedia.org returned code 404. Truncated server response: {""status"":404,""type"":""Internal error""} (use muteHttpExceptions option to examine full response)"
CvT-21DistillGPT2,,,siim arc,0,1,1,0,,,,,,,Dataset/Benchmark,Dataset/Benchmark,Yes,,,,"Error: Exception: Request failed for https://en.wikipedia.org returned code 429. Truncated server response: You are making too many requests to the API.
Please follow the best practices at <https://www.mediawiki.org/wiki/Wikimedia_APIs/Rate_limits>.
If yo... (use muteHttpExceptions option to examine full response)"
Flamingo-CXR,,,CRC100k Dataset,0,1,1,0,,,,,,,Dataset/Benchmark,Dataset/Benchmark,Yes,,,,"Error: Exception: Request failed for https://en.wikipedia.org returned code 404. Truncated server response: {""status"":404,""type"":""Internal error""} (use muteHttpExceptions option to examine full response)"
Med-Gemini-2D,,,validation set,0,1,1,0,,,,,,,Dataset/Benchmark,Dataset/Benchmark,Yes,,,,"
In machine learning, a common task is the study and construction of algorithms that can learn from and make predictions on data. Such algorithms function by making data-driven predictions or decisions, through building a mathematical model from input data. These input data used to build the model are usually divided into multiple data sets. In particular, three data sets are commonly used in different stages of the creation of the model: training, validation, and testing sets."
PaliGemma 2 10B,,,hyperparameter sweep,0,1,1,0,,,,,,,Algorithm/Technique,Optimization/Training Method,No,,,,"Error: Exception: Request failed for https://en.wikipedia.org returned code 429. Truncated server response: You are making too many requests to the API.
Please follow the best practices at <https://www.mediawiki.org/wiki/Wikimedia_APIs/Rate_limits>.
If yo... (use muteHttpExceptions option to examine full response)"
MedVersa,,,test set,1,0,1,0,,,,,,,Dataset/Benchmark,Dataset/Benchmark,Yes,,,,"
In machine learning, a common task is the study and construction of algorithms that can learn from and make predictions on data. Such algorithms function by making data-driven predictions or decisions, through building a mathematical model from input data. These input data used to build the model are usually divided into multiple data sets. In particular, three data sets are commonly used in different stages of the creation of the model: training, validation, and testing sets."
MedGemma 4B PT ,,,Chest X‑Ray report generation,0,1,0,1,,,,,,,Learning Paradigm/Task,Learning Paradigm/Task,Yes,,,,"Error: Exception: Request failed for https://en.wikipedia.org returned code 404. Truncated server response: {""status"":404,""type"":""Internal error""} (use muteHttpExceptions option to examine full response)"
SIIM-ARC CXR,,,medversa,0,1,0,1,,,,,,,Dataset/Benchmark,Dataset/Benchmark,Yes,,,,"Error: Exception: Request failed for https://en.wikipedia.org returned code 404. Truncated server response: {""status"":404,""type"":""Internal error""} (use muteHttpExceptions option to examine full response)"
CRC100k,,,Chest X‑Ray binary classification,0,1,1,0,,,,,,,Learning Paradigm/Task,Learning Paradigm/Task,Yes,,,,"Error: Exception: Request failed for https://en.wikipedia.org returned code 404. Truncated server response: {""status"":404,""type"":""Internal error""} (use muteHttpExceptions option to examine full response)"
electronic health record,EHR,,siim acr pneumothorax,0,1,1,0,,,,,,,Dataset/Benchmark,Dataset/Benchmark,Yes,,,,"Error: Exception: Request failed for https://en.wikipedia.org returned code 404. Truncated server response: {""status"":404,""type"":""Internal error""} (use muteHttpExceptions option to examine full response)"
Supervised fine-tuning ,SFT,,EMR Question‑Answering,1,0,1,0,,,,,,,Dataset/Benchmark,Dataset/Benchmark,Yes,,,,"Error: Exception: Request failed for https://en.wikipedia.org returned code 404. Truncated server response: {""status"":404,""type"":""Internal error""} (use muteHttpExceptions option to examine full response)"
Weighted F1 ,,,EMR Knowledge‑Base Question‑Answering,0,1,1,0,,,,,,,Dataset/Benchmark,Dataset/Benchmark,Yes,,,,"Error: Exception: Request failed for https://en.wikipedia.org returned code 404. Truncated server response: {""status"":404,""type"":""Internal error""} (use muteHttpExceptions option to examine full response)"
Unichest FT,,,EHR Structured Query Language,0,1,1,0,,,,,,,Dataset/Benchmark,Dataset/Benchmark,Yes,,,,"Error: Exception: Request failed for https://en.wikipedia.org returned code 404. Truncated server response: {""status"":404,""type"":""Internal error""} (use muteHttpExceptions option to examine full response)"
Virchow,,,EHR Note Question‑Answering,0,1,1,0,,,,,,,Dataset/Benchmark,Dataset/Benchmark,Yes,,,,"Error: Exception: Request failed for https://en.wikipedia.org returned code 429. Truncated server response: You are making too many requests to the API.
Please follow the best practices at <https://www.mediawiki.org/wiki/Wikimedia_APIs/Rate_limits>.
If yo... (use muteHttpExceptions option to examine full response)"
CXR binary classification,,,Medical Alignment,0,1,1,0,,,,,,,Dataset/Benchmark,Dataset/Benchmark,Yes,,,,"Error: Exception: Request failed for https://en.wikipedia.org returned code 404. Truncated server response: {""status"":404,""type"":""Internal error""} (use muteHttpExceptions option to examine full response)"
emrQA,,,Fast Healthcare Interoperability Resources,0,1,1,0,,,,,,,Dataset/Benchmark,Dataset/Benchmark,Yes,,,,The Fast Healthcare Interoperability Resources is a technical standard by HL7 International for health information exchange. It is designed for a wide range of settings and with different health care information systems. The standard describes data formats and elements and an API for exchanging electronic health records (EHR).
emrKBQA,,,synthea,0,1,0,1,,,,,,,Scientific Domain/Problem,Software/Library/Tool,No,,,,"Error: Exception: Request failed for https://en.wikipedia.org returned code 404. Truncated server response: {""status"":404,""type"":""Internal error""} (use muteHttpExceptions option to examine full response)"
EHRSQL,,,multi hop reasoning,0,1,1,0,,,,,,,Mathematical Concept/Theorem,Learning Paradigm/Task,No,,,,"Error: Exception: Request failed for https://en.wikipedia.org returned code 404. Truncated server response: {""status"":404,""type"":""Internal error""} (use muteHttpExceptions option to examine full response)"
EHRNoteQA,,,Systematized Nomenclature of Medicine – Clinical Terms,0,1,1,0,,,,,,,Dataset/Benchmark,Dataset/Benchmark,Yes,,,,"Error: Exception: Request failed for https://en.wikipedia.org returned code 404. Truncated server response: {""status"":404,""type"":""Internal error""} (use muteHttpExceptions option to examine full response)"
MedAlign,,,RxNorm,0,1,0,1,,,,,,,Mathematical Concept/Theorem,Dataset/Benchmark,No,,,,RxNorm is US-specific terminology in medicine that contains all medications available on the US market. It can also be used in personal health records applications. RxNorm is part of Unified Medical Language System (UMLS) terminology and is maintained by the United States National Library of Medicine (NLM).
EHRQA,,,Logical Observation Identifiers Names and Codes,1,0,1,0,,,,,,,Mathematical Concept/Theorem,Dataset/Benchmark,No,,,,"Logical Observation Identifiers Names and Codes (LOINC) is a database and universal standard for identifying medical laboratory observations. First developed in 1994, it was created and is maintained by the Regenstrief Institute, a US nonprofit medical research organization. LOINC was created in response to the demand for an electronic clinical care and management database and is publicly available at no cost."
FHIR,,,programmatic reasoning,0,1,1,0,,,,,,,Algorithm/Technique,Algorithm/Technique,Yes,,,,"Error: Exception: Request failed for https://en.wikipedia.org returned code 404. Truncated server response: {""status"":404,""type"":""Internal error""} (use muteHttpExceptions option to examine full response)"
Synthea,,,regex matching,1,0,0,1,,,,,,,Algorithm/Technique,Algorithm/Technique,Yes,,,,"Error: Exception: Request failed for https://en.wikipedia.org returned code 404. Truncated server response: {""status"":404,""type"":""Internal error""} (use muteHttpExceptions option to examine full response)"
SNOMED,,,Medical Generative Model for Medical Applications (brand name) 27 Billion Parameters text only rl,0,1,1,0,,,,,,,Model/Architecture,Model/Architecture,Yes,,,,"Error: Exception: Request failed for https://en.wikipedia.org returned code 404. Truncated server response: {""status"":404,""type"":""Internal error""} (use muteHttpExceptions option to examine full response)"
RxNorm,,,logistic regression,1,0,0,1,,,,,,,Algorithm/Technique,Algorithm/Technique,Yes,,,,"In statistics, a logistic model is a statistical model that models the log-odds of an event as a linear combination of one or more independent variables. In regression analysis, logistic regression estimates the parameters of a logistic model. In binary logistic regression there is a single binary dependent variable, coded by an indicator variable, where the two values are labeled ""0"" and ""1"", while the independent variables can each be a binary variable or a continuous variable. The corresponding probability of the value labeled ""1"" can vary between 0 and 1, hence the labeling; the function that converts log-odds to probability is the logistic function, hence the name. The unit of measurement for the log-odds scale is called a logit, from logistic unit, hence the alternative names. See § Background and § Definition for formal mathematics, and § Example for a worked example."
LOINC,,,us derm Multiple Choice Question Answer,0,1,1,0,,,,,,,Learning Paradigm/Task,Dataset/Benchmark,No,,,,"Error: Exception: Request failed for https://en.wikipedia.org returned code 404. Truncated server response: {""status"":404,""type"":""Internal error""} (use muteHttpExceptions option to examine full response)"
Regex matching,,,whole slide images,1,0,1,0,,,,,,,Algorithm/Technique,Dataset/Benchmark,No,,,,"Error: Exception: Request failed for https://en.wikipedia.org returned code 404. Truncated server response: {""status"":404,""type"":""Internal error""} (use muteHttpExceptions option to examine full response)"
Zero-shot classification,,,text prompts,1,0,1,0,,,,,,,Physics/Math Object,Scientific Domain/Problem,No,,,,"Error: Exception: Request failed for https://en.wikipedia.org returned code 404. Truncated server response: {""status"":404,""type"":""Internal error""} (use muteHttpExceptions option to examine full response)"
Logistic regression,,,cosine similarity,1,0,1,0,,,,,,,Learning Paradigm/Task,Metric/Evaluation,No,,,,"In data analysis, cosine similarity is a measure of similarity between two non-zero vectors defined in an inner product space. Cosine similarity is the cosine of the angle between the vectors; that is, it is the dot product of the vectors divided by the product of their lengths. It follows that the cosine similarity does not depend on the magnitudes of the vectors, but only on their angle. The cosine similarity always belongs to the interval  For example, two proportional vectors have a cosine similarity of +1, two orthogonal vectors have a similarity of 0, and two opposite vectors have a similarity of −1. In some contexts, the component values of the vectors cannot be negative, in which case the cosine similarity is bounded in ."
ELIXR,,,softmax,0,1,1,0,,,,,,,Mathematical Concept/Theorem,Mathematical Concept/Theorem,Yes,,,,"The softmax function, also known as softargmax or normalized exponential function, converts a tuple of K real numbers into a probability distribution over K possible outcomes. It is a generalization of the logistic function to multiple dimensions, and is used in multinomial logistic regression. The softmax function is often used as the last activation function of a neural network to normalize the output of a network to a probability distribution over predicted output classes."
Area under receiver operating characteristic curve,AUC,,auc,0,1,0,1,,,,,,,Metric/Evaluation,Metric/Evaluation,Yes,,,,"AUC may refer to:Ab urbe condita or Anno urbis conditae, Latin for ""from the founding of the city"", used for dates
African Union Commission, the executive/administrative branch or secretariat of the supranational organisation
Ammonium uranyl carbonate, a chemical compound used in uranium processing
Appropriate use criteria for a medical procedure or service
Archimedean Upper Conservatory, a highly ranked charter high school in Miami, Florida
Area under the curve, a performance measure for binary classifiers
Area under the curve (pharmacokinetics), regarding plasma drug concentration-time curves
Authentication Center in a GSM mobile phone network
United Self-Defense Forces of Colombia, former Colombian paramilitary and drugs group
Santiago Pérez Quiroz Airport, Arauca, Colombia, IATA code
Analytical ultracentrifugation, Physical and biophysical chemistry instrument
a codon for the amino acid isoleucine"
SAGA solver,,,receiver operating characteristic curve,0,1,1,0,,,,,,,Metric/Evaluation,Metric/Evaluation,Yes,,,,"A receiver operating characteristic curve, or ROC curve, is a graphical plot that illustrates the performance of a binary classifier model at varying threshold values. ROC analysis is commonly applied in the assessment of diagnostic test performance in clinical epidemiology."
Health AI Developer Foundation,HAI-DEF,,1 vs all auc,0,1,0,1,,,,,,,Metric/Evaluation,Metric/Evaluation,Yes,,,,"Error: Exception: Request failed for https://en.wikipedia.org returned code 404. Truncated server response: {""status"":404,""type"":""Internal error""} (use muteHttpExceptions option to examine full response)"
Skin Conditions,,,multiclass conditions,1,0,1,0,,,,,,,Metric/Evaluation,Metric/Evaluation,Yes,,,,"Error: Exception: Request failed for https://en.wikipedia.org returned code 404. Truncated server response: {""status"":404,""type"":""Internal error""} (use muteHttpExceptions option to examine full response)"
Diabetic Retinopathy,,,linear probe,1,0,0,1,,,,,,,Algorithm/Technique,Algorithm/Technique,Yes,,,,"Error: Exception: Request failed for https://en.wikipedia.org returned code 404. Truncated server response: {""status"":404,""type"":""Internal error""} (use muteHttpExceptions option to examine full response)"
Invasive Breast Cancer,,,text encoder,1,0,1,0,,,,,,,Algorithm/Technique,Algorithm/Technique,Yes,,,,"Error: Exception: Request failed for https://en.wikipedia.org returned code 429. Truncated server response: You are making too many requests to the API.
Please follow the best practices at <https://www.mediawiki.org/wiki/Wikimedia_APIs/Rate_limits>.
If yo... (use muteHttpExceptions option to examine full response)"
Breast NP,,,Stochastic Average Gradient Algorithm solver,1,0,1,0,,,,,,,Optimization/Training Method,Optimization/Training Method,Yes,,,,"Error: Exception: Request failed for https://en.wikipedia.org returned code 404. Truncated server response: {""status"":404,""type"":""Internal error""} (use muteHttpExceptions option to examine full response)"
Breast TF,,,hai def,1,0,0,1,,,,,,,Dataset/Benchmark,Dataset/Benchmark,Yes,,,,"Error: Exception: Request failed for https://en.wikipedia.org returned code 404. Truncated server response: {""status"":404,""type"":""Internal error""} (use muteHttpExceptions option to examine full response)"
Cervical Dysplasia,,,hai def derm foundation,1,0,1,0,,,,,,,Model/Architecture,Model/Architecture,Yes,,,,"Error: Exception: Request failed for https://en.wikipedia.org returned code 429. Truncated server response: You are making too many requests to the API.
Please follow the best practices at <https://www.mediawiki.org/wiki/Wikimedia_APIs/Rate_limits>.
If yo... (use muteHttpExceptions option to examine full response)"
Prostate Cancer Needle Core Biopsy,,,path foundation,1,0,1,0,,,,,,,Model/Architecture,Model/Architecture,Yes,,,,"Error: Exception: Request failed for https://en.wikipedia.org returned code 404. Truncated server response: {""status"":404,""type"":""Internal error""} (use muteHttpExceptions option to examine full response)"
Radical Prostatectomy,,,Chest X‑Ray foundation,1,0,1,0,,,,,,,Model/Architecture,Dataset/Benchmark,No,,,,"Error: Exception: Request failed for https://en.wikipedia.org returned code 404. Truncated server response: {""status"":404,""type"":""Internal error""} (use muteHttpExceptions option to examine full response)"
TCGA Study Types,,,skin conditions,0,1,0,1,,,,,,,Scientific Domain/Problem,Scientific Domain/Problem,Yes,,,,"Many skin conditions affect the human integumentary system—the organ system covering the entire surface of the body and composed of skin, hair, nails, and related muscles and glands. The major function of this system is as a barrier against the external environment. The skin weighs an average of four kilograms, covers an area of two square metres, and is made of three distinct layers: the epidermis, dermis, and subcutaneous tissue. The two main types of human skin are: glabrous skin, the hairless skin on the palms and soles, and hair-bearing skin. Within the latter type, the hairs occur in structures called pilosebaceous units, each with hair follicle, sebaceous gland, and associated arrector pili muscle. In the embryo, the epidermis, hair, and glands form from the ectoderm, which is chemically influenced by the underlying mesoderm that forms the dermis and subcutaneous tissues."
Tissue Types,,,diabetic retinopathy,1,0,0,1,,,,,,,Scientific Domain/Problem,Scientific Domain/Problem,Yes,,,,"Diabetic retinopathy is a medical condition in which damage occurs to the retina due to diabetes. It is a leading cause of blindness in developed countries and one of the leading causes of sight loss in the world, even though there are many new therapies and improved treatments for helping people living with diabetes."
Linear Probe,,,invasive breast cancer,1,0,0,1,,,,,,,Scientific Domain/Problem,Scientific Domain/Problem,Yes,,,,"Breast cancer is a cancer that develops from breast tissue. Signs of breast cancer may include: a lump in the breast, a change in breast shape, dimpling of the skin, milk rejection, fluid coming from the nipple, a newly inverted nipple, or a red or scaly patch of skin. In those with distant spread of the disease, there may be bone pain, swollen lymph nodes, shortness of breath, or yellow skin."
Enlarged Cardiomediastinum,,,breast np,1,0,0,1,,,,,,,Scientific Domain/Problem,Dataset/Benchmark,No,,,,"Error: Exception: Request failed for https://en.wikipedia.org returned code 404. Truncated server response: {""status"":404,""type"":""Internal error""} (use muteHttpExceptions option to examine full response)"
Cardiomegaly,,,breast tf,1,0,0,1,,,,,,,Scientific Domain/Problem,Dataset/Benchmark,No,,,,"Error: Exception: Request failed for https://en.wikipedia.org returned code 429. Truncated server response: You are making too many requests to the API.
Please follow the best practices at <https://www.mediawiki.org/wiki/Wikimedia_APIs/Rate_limits>.
If yo... (use muteHttpExceptions option to examine full response)"
Lung Opacity,,,cervical dysplasia,1,0,0,1,,,,,,,Scientific Domain/Problem,Scientific Domain/Problem,Yes,,,,"Cervical intraepithelial neoplasia (CIN), also known as cervical dysplasia, is the abnormal growth of cells on the surface of the cervix that could potentially lead to cervical cancer. More specifically, CIN refers to the potentially precancerous transformation of cells of the cervix."
Lung Lesion,,,prostate cancer needle core biopsy,0,1,0,1,,,,,,,Scientific Domain/Problem,Scientific Domain/Problem,Yes,,,,"Error: Exception: Request failed for https://en.wikipedia.org returned code 404. Truncated server response: {""status"":404,""type"":""Internal error""} (use muteHttpExceptions option to examine full response)"
Edema,,,radical prostatectomy,1,0,0,1,,,,,,,Scientific Domain/Problem,Scientific Domain/Problem,Yes,,,,Prostatectomy is the surgical removal of all or part of the prostate gland. This operation is done for benign conditions that cause urinary retention as well as for prostate cancer and for other cancers of the pelvis.
Pleural Effusion,,,The Cancer Genome Atlas study types,1,0,1,0,,,,,,,Scientific Domain/Problem,Dataset/Benchmark,No,,,,"Error: Exception: Request failed for https://en.wikipedia.org returned code 429. Truncated server response: You are making too many requests to the API.
Please follow the best practices at <https://www.mediawiki.org/wiki/Wikimedia_APIs/Rate_limits>.
If yo... (use muteHttpExceptions option to examine full response)"
Pleural Other,,,tissue types,0,1,0,1,,,,,,,Scientific Domain/Problem,Scientific Domain/Problem,Yes,,,,"Error: Exception: Request failed for https://en.wikipedia.org returned code 404. Truncated server response: {""status"":404,""type"":""Internal error""} (use muteHttpExceptions option to examine full response)"
Support Devices,,,enlarged cardiomediastinum,0,1,0,1,,,,,,,Scientific Domain/Problem,Scientific Domain/Problem,Yes,,,,"Error: Exception: Request failed for https://en.wikipedia.org returned code 404. Truncated server response: {""status"":404,""type"":""Internal error""} (use muteHttpExceptions option to examine full response)"
general-purpose LLM,,,medical vision language foundation models,0,1,1,0,,,,,,,Model/Architecture,Model/Architecture,Yes,,,,"Error: Exception: Request failed for https://en.wikipedia.org returned code 404. Truncated server response: {""status"":404,""type"":""Internal error""} (use muteHttpExceptions option to examine full response)"
text question answering,,,multi domain medical image encoder,1,0,1,0,,,,,,,Model/Architecture,Model/Architecture,Yes,,,,"Error: Exception: Request failed for https://en.wikipedia.org returned code 404. Truncated server response: {""status"":404,""type"":""Internal error""} (use muteHttpExceptions option to examine full response)"
image classification,,,clinical reasoning,1,0,0,1,,,,,,,Learning Paradigm/Task,Scientific Domain/Problem,No,,,,"Error: Exception: Request failed for https://en.wikipedia.org returned code 429. Truncated server response: You are making too many requests to the API.
Please follow the best practices at <https://www.mediawiki.org/wiki/Wikimedia_APIs/Rate_limits>.
If yo... (use muteHttpExceptions option to examine full response)"
medical text question answering,,,biomedical knowledge,0,1,0,1,,,,,,,Scientific Domain/Problem,Scientific Domain/Problem,Yes,,,,"Error: Exception: Request failed for https://en.wikipedia.org returned code 404. Truncated server response: {""status"":404,""type"":""Internal error""} (use muteHttpExceptions option to examine full response)"
agentic behavior,,,report generation,0,1,1,0,,,,,,,Learning Paradigm/Task,Learning Paradigm/Task,Yes,,,,"Error: Exception: Request failed for https://en.wikipedia.org returned code 404. Truncated server response: {""status"":404,""type"":""Internal error""} (use muteHttpExceptions option to examine full response)"
medical agentic behavior,,,fine tuning,0,1,1,0,,,,,,,Optimization/Training Method,Optimization/Training Method,Yes,,,,"Fine-tuning is the process of adapting a model trained for one task to perform a different, usually more specific, task. It is considered a form of transfer learning, as it reuses knowledge learned from the original training objective."
DICOM,,,pre training,0,1,1,0,,,,,,,Optimization/Training Method,Learning Paradigm/Task,No,,,,"Error: Exception: Request failed for https://en.wikipedia.org returned code 429. Truncated server response: You are making too many requests to the API.
Please follow the best practices at <https://www.mediawiki.org/wiki/Wikimedia_APIs/Rate_limits>.
If yo... (use muteHttpExceptions option to examine full response)"
RadVLM,,,base gemma 3 models,0,1,1,0,,,,,,,Model/Architecture,Model/Architecture,Yes,,,,"Error: Exception: Request failed for https://en.wikipedia.org returned code 404. Truncated server response: {""status"":404,""type"":""Internal error""} (use muteHttpExceptions option to examine full response)"
linear probe classification,,,General‑purpose large language model (general model),1,0,1,0,,,,,,,Model/Architecture,Model/Architecture,Yes,,,,"Error: Exception: Request failed for https://en.wikipedia.org returned code 404. Truncated server response: {""status"":404,""type"":""Internal error""} (use muteHttpExceptions option to examine full response)"
zero shot classification,,,general Application Programming Interface based models,1,0,1,0,,,,,,,Model/Architecture,Model/Architecture,Yes,,,,"Error: Exception: Request failed for https://en.wikipedia.org returned code 404. Truncated server response: {""status"":404,""type"":""Internal error""} (use muteHttpExceptions option to examine full response)"
1 vs all auc,,,frozen model,1,0,1,0,,,,,,,Optimization/Training Method,Model/Architecture,No,,,,"Error: Exception: Request failed for https://en.wikipedia.org returned code 404. Truncated server response: {""status"":404,""type"":""Internal error""} (use muteHttpExceptions option to examine full response)"
clinical reasoning,,,agentic settings,1,0,1,0,,,,,,,Optimization/Training Method,Learning Paradigm/Task,No,,,,"Error: Exception: Request failed for https://en.wikipedia.org returned code 404. Truncated server response: {""status"":404,""type"":""Internal error""} (use muteHttpExceptions option to examine full response)"
biomedical knowledge,,,large models,1,0,1,0,,,,,,,Model/Architecture,Model/Architecture,Yes,,,,"Error: Exception: Request failed for https://en.wikipedia.org returned code 429. Truncated server response: You are making too many requests to the API.
Please follow the best practices at <https://www.mediawiki.org/wiki/Wikimedia_APIs/Rate_limits>.
If yo... (use muteHttpExceptions option to examine full response)"
,,,multimodal capabilities,,,1,0,,,,,,,Model/Architecture,Scientific Domain/Problem,No,,,,"Error: Exception: Request failed for https://en.wikipedia.org returned code 404. Truncated server response: {""status"":404,""type"":""Internal error""} (use muteHttpExceptions option to examine full response)"
,,,medical image retrieval,,,1,0,,,,,,,Learning Paradigm/Task,Scientific Domain/Problem,No,,,,"Error: Exception: Request failed for https://en.wikipedia.org returned code 404. Truncated server response: {""status"":404,""type"":""Internal error""} (use muteHttpExceptions option to examine full response)"
,,,clinical information,,,1,0,,,,,,,Dataset/Benchmark,Scientific Domain/Problem,No,,,,"Error: Exception: Request failed for https://en.wikipedia.org returned code 404. Truncated server response: {""status"":404,""type"":""Internal error""} (use muteHttpExceptions option to examine full response)"
,,,imaging reports,,,1,0,,,,,,,Dataset/Benchmark,Dataset/Benchmark,Yes,,,,"Error: Exception: Request failed for https://en.wikipedia.org returned code 404. Truncated server response: {""status"":404,""type"":""Internal error""} (use muteHttpExceptions option to examine full response)"
,,,clinical notes,,,1,0,,,,,,,Dataset/Benchmark,Dataset/Benchmark,Yes,,,,"Error: Exception: Request failed for https://en.wikipedia.org returned code 404. Truncated server response: {""status"":404,""type"":""Internal error""} (use muteHttpExceptions option to examine full response)"
,,,matching patients for clinical trials,,,1,0,,,,,,,Learning Paradigm/Task,Scientific Domain/Problem,No,,,,"Error: Exception: Request failed for https://en.wikipedia.org returned code 404. Truncated server response: {""status"":404,""type"":""Internal error""} (use muteHttpExceptions option to examine full response)"
,,,pharmacovigilance reviews,,,1,0,,,,,,,Learning Paradigm/Task,Scientific Domain/Problem,No,,,,"Error: Exception: Request failed for https://en.wikipedia.org returned code 404. Truncated server response: {""status"":404,""type"":""Internal error""} (use muteHttpExceptions option to examine full response)"
,,,The Cancer Genome Atlas research network,,,1,0,,,,,,,Model/Architecture,Dataset/Benchmark,No,,,,"Error: Exception: Request failed for https://en.wikipedia.org returned code 404. Truncated server response: {""status"":404,""type"":""Internal error""} (use muteHttpExceptions option to examine full response)"
,,,rl tuning,,,1,0,,,,,,,Optimization/Training Method,Optimization/Training Method,Yes,,,,"Error: Exception: Request failed for https://en.wikipedia.org returned code 404. Truncated server response: {""status"":404,""type"":""Internal error""} (use muteHttpExceptions option to examine full response)"
,,,Medical Generative Model for Medical Applications (brand name) 4b multimodal,,,1,0,,,,,,,Model/Architecture,Model/Architecture,Yes,,,,"Error: Exception: Request failed for https://en.wikipedia.org returned code 404. Truncated server response: {""status"":404,""type"":""Internal error""} (use muteHttpExceptions option to examine full response)"
,,,27 Billion Parameters text only,,,1,0,,,,,,,Model/Architecture,Model/Architecture,Yes,,,,"Error: Exception: Request failed for https://en.wikipedia.org returned code 404. Truncated server response: {""status"":404,""type"":""Internal error""} (use muteHttpExceptions option to examine full response)"
,,,chest imagenome,,,1,0,,,,,,,Dataset/Benchmark,Dataset/Benchmark,Yes,,,,"Error: Exception: Request failed for https://en.wikipedia.org returned code 404. Truncated server response: {""status"":404,""type"":""Internal error""} (use muteHttpExceptions option to examine full response)"
,,,CheXpert dataset Chest X‑Ray,,,1,0,,,,,,,Dataset/Benchmark,Dataset/Benchmark,Yes,,,,"Error: Exception: Request failed for https://en.wikipedia.org returned code 404. Truncated server response: {""status"":404,""type"":""Internal error""} (use muteHttpExceptions option to examine full response)"
,,,dermmcqa,,,1,0,,,,,,,Dataset/Benchmark,Dataset/Benchmark,Yes,,,,"Error: Exception: Request failed for https://en.wikipedia.org returned code 404. Truncated server response: {""status"":404,""type"":""Internal error""} (use muteHttpExceptions option to examine full response)"
,,,pathmcqa,,,0,1,,,,,,,Dataset/Benchmark,Metric/Evaluation,No,,,,"Error: Exception: Request failed for https://en.wikipedia.org returned code 404. Truncated server response: {""status"":404,""type"":""Internal error""} (use muteHttpExceptions option to examine full response)"
,,,slakevqa,,,1,0,,,,,,,Dataset/Benchmark,Dataset/Benchmark,Yes,,,,"Error: Exception: Request failed for https://en.wikipedia.org returned code 404. Truncated server response: {""status"":404,""type"":""Internal error""} (use muteHttpExceptions option to examine full response)"